detailedRace,ageGroup,population,raceGroup
Apache alone,Total,3389,AI/AN
Apache alone,85+,17,AI/AN
Apache alone,1 - 4,25,AI/AN
Apache alone,5 - 14,49,AI/AN
Apache alone,15 - 24,379,AI/AN
Apache alone,25 - 34,337,AI/AN
Apache alone,35 - 44,852,AI/AN
Apache alone,45 - 54,615,AI/AN
Apache alone,55 - 64,424,AI/AN
Apache alone,65 - 74,574,AI/AN
Apache alone,75 - 84,117,AI/AN
Apache alone,0,0,AI/AN
Blackfeet alone,Total,1547,AI/AN
Blackfeet alone,85+,0,AI/AN
Blackfeet alone,1 - 4,65,AI/AN
Blackfeet alone,5 - 14,99,AI/AN
Blackfeet alone,15 - 24,217,AI/AN
Blackfeet alone,25 - 34,218,AI/AN
Blackfeet alone,35 - 44,278,AI/AN
Blackfeet alone,45 - 54,190,AI/AN
Blackfeet alone,55 - 64,188,AI/AN
Blackfeet alone,65 - 74,134,AI/AN
Blackfeet alone,75 - 84,93,AI/AN
Blackfeet alone,0,65,AI/AN
Cherokee alone,Total,10114,AI/AN
Cherokee alone,85+,175,AI/AN
Cherokee alone,1 - 4,93,AI/AN
Cherokee alone,5 - 14,529,AI/AN
Cherokee alone,15 - 24,989,AI/AN
Cherokee alone,25 - 34,1167,AI/AN
Cherokee alone,35 - 44,1217,AI/AN
Cherokee alone,45 - 54,1470,AI/AN
Cherokee alone,55 - 64,2267,AI/AN
Cherokee alone,65 - 74,1452,AI/AN
Cherokee alone,75 - 84,745,AI/AN
Cherokee alone,0,10,AI/AN
Chickasaw alone,Total,1035,AI/AN
Chickasaw alone,85+,4,AI/AN
Chickasaw alone,1 - 4,0,AI/AN
Chickasaw alone,5 - 14,0,AI/AN
Chickasaw alone,15 - 24,160,AI/AN
Chickasaw alone,25 - 34,197,AI/AN
Chickasaw alone,35 - 44,93,AI/AN
Chickasaw alone,45 - 54,77,AI/AN
Chickasaw alone,55 - 64,301,AI/AN
Chickasaw alone,65 - 74,108,AI/AN
Chickasaw alone,75 - 84,70,AI/AN
Chickasaw alone,0,25,AI/AN
Chippewa alone,Total,1527,AI/AN
Chippewa alone,85+,0,AI/AN
Chippewa alone,1 - 4,35,AI/AN
Chippewa alone,5 - 14,45,AI/AN
Chippewa alone,15 - 24,205,AI/AN
Chippewa alone,25 - 34,183,AI/AN
Chippewa alone,35 - 44,155,AI/AN
Chippewa alone,45 - 54,161,AI/AN
Chippewa alone,55 - 64,384,AI/AN
Chippewa alone,65 - 74,190,AI/AN
Chippewa alone,75 - 84,169,AI/AN
Chippewa alone,0,0,AI/AN
Choctaw alone,Total,4203,AI/AN
Choctaw alone,85+,57,AI/AN
Choctaw alone,1 - 4,44,AI/AN
Choctaw alone,5 - 14,415,AI/AN
Choctaw alone,15 - 24,490,AI/AN
Choctaw alone,25 - 34,741,AI/AN
Choctaw alone,35 - 44,385,AI/AN
Choctaw alone,45 - 54,596,AI/AN
Choctaw alone,55 - 64,743,AI/AN
Choctaw alone,65 - 74,384,AI/AN
Choctaw alone,75 - 84,317,AI/AN
Choctaw alone,0,31,AI/AN
Creek alone,Total,1356,AI/AN
Creek alone,85+,27,AI/AN
Creek alone,1 - 4,32,AI/AN
Creek alone,5 - 14,169,AI/AN
Creek alone,15 - 24,120,AI/AN
Creek alone,25 - 34,180,AI/AN
Creek alone,35 - 44,181,AI/AN
Creek alone,45 - 54,221,AI/AN
Creek alone,55 - 64,237,AI/AN
Creek alone,65 - 74,149,AI/AN
Creek alone,75 - 84,15,AI/AN
Creek alone,0,25,AI/AN
Crow alone,Total,165,AI/AN
Crow alone,85+,0,AI/AN
Crow alone,1 - 4,0,AI/AN
Crow alone,5 - 14,0,AI/AN
Crow alone,15 - 24,26,AI/AN
Crow alone,25 - 34,0,AI/AN
Crow alone,35 - 44,46,AI/AN
Crow alone,45 - 54,0,AI/AN
Crow alone,55 - 64,93,AI/AN
Crow alone,65 - 74,0,AI/AN
Crow alone,75 - 84,0,AI/AN
Crow alone,0,0,AI/AN
Hopi alone,Total,334,AI/AN
Hopi alone,85+,6,AI/AN
Hopi alone,1 - 4,0,AI/AN
Hopi alone,5 - 14,0,AI/AN
Hopi alone,15 - 24,0,AI/AN
Hopi alone,25 - 34,51,AI/AN
Hopi alone,35 - 44,128,AI/AN
Hopi alone,45 - 54,75,AI/AN
Hopi alone,55 - 64,21,AI/AN
Hopi alone,65 - 74,53,AI/AN
Hopi alone,75 - 84,0,AI/AN
Hopi alone,0,0,AI/AN
Iroquois alone,Total,1093,AI/AN
Iroquois alone,85+,27,AI/AN
Iroquois alone,1 - 4,12,AI/AN
Iroquois alone,5 - 14,148,AI/AN
Iroquois alone,15 - 24,82,AI/AN
Iroquois alone,25 - 34,164,AI/AN
Iroquois alone,35 - 44,75,AI/AN
Iroquois alone,45 - 54,144,AI/AN
Iroquois alone,55 - 64,252,AI/AN
Iroquois alone,65 - 74,127,AI/AN
Iroquois alone,75 - 84,62,AI/AN
Iroquois alone,0,0,AI/AN
Lumbee alone,Total,153,AI/AN
Lumbee alone,85+,0,AI/AN
Lumbee alone,1 - 4,0,AI/AN
Lumbee alone,5 - 14,0,AI/AN
Lumbee alone,15 - 24,0,AI/AN
Lumbee alone,25 - 34,37,AI/AN
Lumbee alone,35 - 44,11,AI/AN
Lumbee alone,45 - 54,81,AI/AN
Lumbee alone,55 - 64,14,AI/AN
Lumbee alone,65 - 74,10,AI/AN
Lumbee alone,75 - 84,0,AI/AN
Lumbee alone,0,0,AI/AN
Mexican American Indian alone,Total,1429,AI/AN
Mexican American Indian alone,85+,20,AI/AN
Mexican American Indian alone,1 - 4,118,AI/AN
Mexican American Indian alone,5 - 14,104,AI/AN
Mexican American Indian alone,15 - 24,133,AI/AN
Mexican American Indian alone,25 - 34,267,AI/AN
Mexican American Indian alone,35 - 44,91,AI/AN
Mexican American Indian alone,45 - 54,220,AI/AN
Mexican American Indian alone,55 - 64,140,AI/AN
Mexican American Indian alone,65 - 74,241,AI/AN
Mexican American Indian alone,75 - 84,95,AI/AN
Mexican American Indian alone,0,0,AI/AN
Navajo alone,Total,4679,AI/AN
Navajo alone,85+,44,AI/AN
Navajo alone,1 - 4,17,AI/AN
Navajo alone,5 - 14,546,AI/AN
Navajo alone,15 - 24,596,AI/AN
Navajo alone,25 - 34,893,AI/AN
Navajo alone,35 - 44,814,AI/AN
Navajo alone,45 - 54,539,AI/AN
Navajo alone,55 - 64,342,AI/AN
Navajo alone,65 - 74,646,AI/AN
Navajo alone,75 - 84,242,AI/AN
Navajo alone,0,0,AI/AN
Pima alone,Total,279,AI/AN
Pima alone,85+,1,AI/AN
Pima alone,1 - 4,0,AI/AN
Pima alone,5 - 14,66,AI/AN
Pima alone,15 - 24,37,AI/AN
Pima alone,25 - 34,25,AI/AN
Pima alone,35 - 44,47,AI/AN
Pima alone,45 - 54,59,AI/AN
Pima alone,55 - 64,31,AI/AN
Pima alone,65 - 74,13,AI/AN
Pima alone,75 - 84,0,AI/AN
Pima alone,0,0,AI/AN
Potawatomi alone,Total,909,AI/AN
Potawatomi alone,85+,20,AI/AN
Potawatomi alone,1 - 4,14,AI/AN
Potawatomi alone,5 - 14,33,AI/AN
Potawatomi alone,15 - 24,96,AI/AN
Potawatomi alone,25 - 34,38,AI/AN
Potawatomi alone,35 - 44,172,AI/AN
Potawatomi alone,45 - 54,192,AI/AN
Potawatomi alone,55 - 64,210,AI/AN
Potawatomi alone,65 - 74,50,AI/AN
Potawatomi alone,75 - 84,73,AI/AN
Potawatomi alone,0,11,AI/AN
Pueblo alone,Total,1338,AI/AN
Pueblo alone,85+,5,AI/AN
Pueblo alone,1 - 4,0,AI/AN
Pueblo alone,5 - 14,116,AI/AN
Pueblo alone,15 - 24,118,AI/AN
Pueblo alone,25 - 34,367,AI/AN
Pueblo alone,35 - 44,151,AI/AN
Pueblo alone,45 - 54,165,AI/AN
Pueblo alone,55 - 64,311,AI/AN
Pueblo alone,65 - 74,96,AI/AN
Pueblo alone,75 - 84,9,AI/AN
Pueblo alone,0,0,AI/AN
Puget Sound Salish alone,Total,208,AI/AN
Puget Sound Salish alone,85+,0,AI/AN
Puget Sound Salish alone,1 - 4,0,AI/AN
Puget Sound Salish alone,5 - 14,0,AI/AN
Puget Sound Salish alone,15 - 24,0,AI/AN
Puget Sound Salish alone,25 - 34,109,AI/AN
Puget Sound Salish alone,35 - 44,0,AI/AN
Puget Sound Salish alone,45 - 54,28,AI/AN
Puget Sound Salish alone,55 - 64,41,AI/AN
Puget Sound Salish alone,65 - 74,30,AI/AN
Puget Sound Salish alone,75 - 84,0,AI/AN
Puget Sound Salish alone,0,0,AI/AN
Sioux alone,Total,2248,AI/AN
Sioux alone,85+,0,AI/AN
Sioux alone,1 - 4,0,AI/AN
Sioux alone,5 - 14,126,AI/AN
Sioux alone,15 - 24,191,AI/AN
Sioux alone,25 - 34,488,AI/AN
Sioux alone,35 - 44,239,AI/AN
Sioux alone,45 - 54,369,AI/AN
Sioux alone,55 - 64,245,AI/AN
Sioux alone,65 - 74,356,AI/AN
Sioux alone,75 - 84,173,AI/AN
Sioux alone,0,61,AI/AN
South American Indian alone,Total,177,AI/AN
South American Indian alone,85+,0,AI/AN
South American Indian alone,1 - 4,0,AI/AN
South American Indian alone,5 - 14,3,AI/AN
South American Indian alone,15 - 24,16,AI/AN
South American Indian alone,25 - 34,146,AI/AN
South American Indian alone,35 - 44,0,AI/AN
South American Indian alone,45 - 54,0,AI/AN
South American Indian alone,55 - 64,12,AI/AN
South American Indian alone,65 - 74,0,AI/AN
South American Indian alone,75 - 84,0,AI/AN
South American Indian alone,0,0,AI/AN
Tohono O'Odham alone,Total,497,AI/AN
Tohono O'Odham alone,85+,0,AI/AN
Tohono O'Odham alone,1 - 4,0,AI/AN
Tohono O'Odham alone,5 - 14,2,AI/AN
Tohono O'Odham alone,15 - 24,4,AI/AN
Tohono O'Odham alone,25 - 34,72,AI/AN
Tohono O'Odham alone,35 - 44,63,AI/AN
Tohono O'Odham alone,45 - 54,33,AI/AN
Tohono O'Odham alone,55 - 64,113,AI/AN
Tohono O'Odham alone,65 - 74,19,AI/AN
Tohono O'Odham alone,75 - 84,191,AI/AN
Tohono O'Odham alone,0,0,AI/AN
Yaqui alone,Total,1079,AI/AN
Yaqui alone,85+,0,AI/AN
Yaqui alone,1 - 4,11,AI/AN
Yaqui alone,5 - 14,129,AI/AN
Yaqui alone,15 - 24,209,AI/AN
Yaqui alone,25 - 34,52,AI/AN
Yaqui alone,35 - 44,156,AI/AN
Yaqui alone,45 - 54,215,AI/AN
Yaqui alone,55 - 64,146,AI/AN
Yaqui alone,65 - 74,96,AI/AN
Yaqui alone,75 - 84,65,AI/AN
Yaqui alone,0,0,AI/AN
Other specified American Indian tribes alone,Total,8501,AI/AN
Other specified American Indian tribes alone,85+,227,AI/AN
Other specified American Indian tribes alone,1 - 4,453,AI/AN
Other specified American Indian tribes alone,5 - 14,825,AI/AN
Other specified American Indian tribes alone,15 - 24,754,AI/AN
Other specified American Indian tribes alone,25 - 34,1239,AI/AN
Other specified American Indian tribes alone,35 - 44,1266,AI/AN
Other specified American Indian tribes alone,45 - 54,1126,AI/AN
Other specified American Indian tribes alone,55 - 64,1005,AI/AN
Other specified American Indian tribes alone,65 - 74,892,AI/AN
Other specified American Indian tribes alone,75 - 84,573,AI/AN
Other specified American Indian tribes alone,0,141,AI/AN
All other specified American Indian tribe combinations,Total,35556,AI/AN
All other specified American Indian tribe combinations,85+,527,AI/AN
All other specified American Indian tribe combinations,1 - 4,1648,AI/AN
All other specified American Indian tribe combinations,5 - 14,5023,AI/AN
All other specified American Indian tribe combinations,15 - 24,6318,AI/AN
All other specified American Indian tribe combinations,25 - 34,4514,AI/AN
All other specified American Indian tribe combinations,35 - 44,4085,AI/AN
All other specified American Indian tribe combinations,45 - 54,4035,AI/AN
All other specified American Indian tribe combinations,55 - 64,4239,AI/AN
All other specified American Indian tribe combinations,65 - 74,3353,AI/AN
All other specified American Indian tribe combinations,75 - 84,1511,AI/AN
All other specified American Indian tribe combinations,0,303,AI/AN
"American Indian, tribe not specified",Total,6420,AI/AN
"American Indian, tribe not specified",85+,56,AI/AN
"American Indian, tribe not specified",1 - 4,425,AI/AN
"American Indian, tribe not specified",5 - 14,819,AI/AN
"American Indian, tribe not specified",15 - 24,631,AI/AN
"American Indian, tribe not specified",25 - 34,1163,AI/AN
"American Indian, tribe not specified",35 - 44,796,AI/AN
"American Indian, tribe not specified",45 - 54,751,AI/AN
"American Indian, tribe not specified",55 - 64,725,AI/AN
"American Indian, tribe not specified",65 - 74,565,AI/AN
"American Indian, tribe not specified",75 - 84,468,AI/AN
"American Indian, tribe not specified",0,21,AI/AN
Alaskan Athabascan alone,Total,96,AI/AN
Alaskan Athabascan alone,85+,0,AI/AN
Alaskan Athabascan alone,1 - 4,0,AI/AN
Alaskan Athabascan alone,5 - 14,0,AI/AN
Alaskan Athabascan alone,15 - 24,21,AI/AN
Alaskan Athabascan alone,25 - 34,1,AI/AN
Alaskan Athabascan alone,35 - 44,18,AI/AN
Alaskan Athabascan alone,45 - 54,10,AI/AN
Alaskan Athabascan alone,55 - 64,46,AI/AN
Alaskan Athabascan alone,65 - 74,0,AI/AN
Alaskan Athabascan alone,75 - 84,0,AI/AN
Alaskan Athabascan alone,0,0,AI/AN
Tlingit-Haida alone,Total,494,AI/AN
Tlingit-Haida alone,85+,0,AI/AN
Tlingit-Haida alone,1 - 4,10,AI/AN
Tlingit-Haida alone,5 - 14,10,AI/AN
Tlingit-Haida alone,15 - 24,14,AI/AN
Tlingit-Haida alone,25 - 34,58,AI/AN
Tlingit-Haida alone,35 - 44,24,AI/AN
Tlingit-Haida alone,45 - 54,151,AI/AN
Tlingit-Haida alone,55 - 64,58,AI/AN
Tlingit-Haida alone,65 - 74,50,AI/AN
Tlingit-Haida alone,75 - 84,119,AI/AN
Tlingit-Haida alone,0,0,AI/AN
Inupiat alone,Total,309,AI/AN
Inupiat alone,85+,0,AI/AN
Inupiat alone,1 - 4,10,AI/AN
Inupiat alone,5 - 14,25,AI/AN
Inupiat alone,15 - 24,29,AI/AN
Inupiat alone,25 - 34,30,AI/AN
Inupiat alone,35 - 44,76,AI/AN
Inupiat alone,45 - 54,37,AI/AN
Inupiat alone,55 - 64,0,AI/AN
Inupiat alone,65 - 74,71,AI/AN
Inupiat alone,75 - 84,31,AI/AN
Inupiat alone,0,0,AI/AN
Yup'ik alone,Total,182,AI/AN
Yup'ik alone,85+,0,AI/AN
Yup'ik alone,1 - 4,0,AI/AN
Yup'ik alone,5 - 14,0,AI/AN
Yup'ik alone,15 - 24,33,AI/AN
Yup'ik alone,25 - 34,136,AI/AN
Yup'ik alone,35 - 44,13,AI/AN
Yup'ik alone,45 - 54,0,AI/AN
Yup'ik alone,55 - 64,0,AI/AN
Yup'ik alone,65 - 74,0,AI/AN
Yup'ik alone,75 - 84,0,AI/AN
Yup'ik alone,0,0,AI/AN
Aleut alone,Total,193,AI/AN
Aleut alone,85+,0,AI/AN
Aleut alone,1 - 4,0,AI/AN
Aleut alone,5 - 14,0,AI/AN
Aleut alone,15 - 24,29,AI/AN
Aleut alone,25 - 34,60,AI/AN
Aleut alone,35 - 44,0,AI/AN
Aleut alone,45 - 54,15,AI/AN
Aleut alone,55 - 64,14,AI/AN
Aleut alone,65 - 74,64,AI/AN
Aleut alone,75 - 84,11,AI/AN
Aleut alone,0,0,AI/AN
Other Alaska Native,Total,439,AI/AN
Other Alaska Native,85+,28,AI/AN
Other Alaska Native,1 - 4,0,AI/AN
Other Alaska Native,5 - 14,20,AI/AN
Other Alaska Native,15 - 24,150,AI/AN
Other Alaska Native,25 - 34,18,AI/AN
Other Alaska Native,35 - 44,46,AI/AN
Other Alaska Native,45 - 54,66,AI/AN
Other Alaska Native,55 - 64,34,AI/AN
Other Alaska Native,65 - 74,77,AI/AN
Other Alaska Native,75 - 84,0,AI/AN
Other Alaska Native,0,0,AI/AN
Other American Indian and Alaska Native specified,Total,5562,AI/AN
Other American Indian and Alaska Native specified,85+,92,AI/AN
Other American Indian and Alaska Native specified,1 - 4,203,AI/AN
Other American Indian and Alaska Native specified,5 - 14,614,AI/AN
Other American Indian and Alaska Native specified,15 - 24,560,AI/AN
Other American Indian and Alaska Native specified,25 - 34,784,AI/AN
Other American Indian and Alaska Native specified,35 - 44,743,AI/AN
Other American Indian and Alaska Native specified,45 - 54,742,AI/AN
Other American Indian and Alaska Native specified,55 - 64,717,AI/AN
Other American Indian and Alaska Native specified,65 - 74,703,AI/AN
Other American Indian and Alaska Native specified,75 - 84,364,AI/AN
Other American Indian and Alaska Native specified,0,40,AI/AN
"American Indian and Alaska Native, not specified",Total,16573,AI/AN
"American Indian and Alaska Native, not specified",85+,327,AI/AN
"American Indian and Alaska Native, not specified",1 - 4,535,AI/AN
"American Indian and Alaska Native, not specified",5 - 14,1684,AI/AN
"American Indian and Alaska Native, not specified",15 - 24,2385,AI/AN
"American Indian and Alaska Native, not specified",25 - 34,2625,AI/AN
"American Indian and Alaska Native, not specified",35 - 44,1881,AI/AN
"American Indian and Alaska Native, not specified",45 - 54,2016,AI/AN
"American Indian and Alaska Native, not specified",55 - 64,2135,AI/AN
"American Indian and Alaska Native, not specified",65 - 74,2109,AI/AN
"American Indian and Alaska Native, not specified",75 - 84,725,AI/AN
"American Indian and Alaska Native, not specified",0,151,AI/AN
Asian Indian alone,Total,852567,Asian
Asian Indian alone,85+,6996,Asian
Asian Indian alone,1 - 4,50385,Asian
Asian Indian alone,5 - 14,117928,Asian
Asian Indian alone,15 - 24,84450,Asian
Asian Indian alone,25 - 34,169953,Asian
Asian Indian alone,35 - 44,178179,Asian
Asian Indian alone,45 - 54,105582,Asian
Asian Indian alone,55 - 64,63040,Asian
Asian Indian alone,65 - 74,41755,Asian
Asian Indian alone,75 - 84,23460,Asian
Asian Indian alone,0,10839,Asian
Bangladeshi alone,Total,16167,Asian
Bangladeshi alone,85+,30,Asian
Bangladeshi alone,1 - 4,848,Asian
Bangladeshi alone,5 - 14,2062,Asian
Bangladeshi alone,15 - 24,2222,Asian
Bangladeshi alone,25 - 34,2336,Asian
Bangladeshi alone,35 - 44,2844,Asian
Bangladeshi alone,45 - 54,2602,Asian
Bangladeshi alone,55 - 64,1870,Asian
Bangladeshi alone,65 - 74,946,Asian
Bangladeshi alone,75 - 84,269,Asian
Bangladeshi alone,0,138,Asian
Bhutanese alone,Total,122,Asian
Bhutanese alone,85+,0,Asian
Bhutanese alone,1 - 4,0,Asian
Bhutanese alone,5 - 14,31,Asian
Bhutanese alone,15 - 24,10,Asian
Bhutanese alone,25 - 34,8,Asian
Bhutanese alone,35 - 44,39,Asian
Bhutanese alone,45 - 54,22,Asian
Bhutanese alone,55 - 64,0,Asian
Bhutanese alone,65 - 74,0,Asian
Bhutanese alone,75 - 84,12,Asian
Bhutanese alone,0,0,Asian
Burmese alone,Total,17097,Asian
Burmese alone,85+,261,Asian
Burmese alone,1 - 4,439,Asian
Burmese alone,5 - 14,1428,Asian
Burmese alone,15 - 24,2431,Asian
Burmese alone,25 - 34,1947,Asian
Burmese alone,35 - 44,2376,Asian
Burmese alone,45 - 54,3110,Asian
Burmese alone,55 - 64,2509,Asian
Burmese alone,65 - 74,1635,Asian
Burmese alone,75 - 84,854,Asian
Burmese alone,0,107,Asian
Cambodian alone,Total,93361,Asian
Cambodian alone,85+,946,Asian
Cambodian alone,1 - 4,4047,Asian
Cambodian alone,5 - 14,11432,Asian
Cambodian alone,15 - 24,12016,Asian
Cambodian alone,25 - 34,17700,Asian
Cambodian alone,35 - 44,16167,Asian
Cambodian alone,45 - 54,12439,Asian
Cambodian alone,55 - 64,8905,Asian
Cambodian alone,65 - 74,6475,Asian
Cambodian alone,75 - 84,2380,Asian
Cambodian alone,0,854,Asian
"Chinese, except Taiwanese, alone",Total,1511981,Asian
"Chinese, except Taiwanese, alone",85+,43632,Asian
"Chinese, except Taiwanese, alone",1 - 4,51348,Asian
"Chinese, except Taiwanese, alone",5 - 14,126867,Asian
"Chinese, except Taiwanese, alone",15 - 24,170295,Asian
"Chinese, except Taiwanese, alone",25 - 34,242394,Asian
"Chinese, except Taiwanese, alone",35 - 44,208755,Asian
"Chinese, except Taiwanese, alone",45 - 54,212228,Asian
"Chinese, except Taiwanese, alone",55 - 64,211162,Asian
"Chinese, except Taiwanese, alone",65 - 74,160753,Asian
"Chinese, except Taiwanese, alone",75 - 84,73754,Asian
"Chinese, except Taiwanese, alone",0,10793,Asian
Taiwanese alone,Total,104447,Asian
Taiwanese alone,85+,1429,Asian
Taiwanese alone,1 - 4,4043,Asian
Taiwanese alone,5 - 14,9719,Asian
Taiwanese alone,15 - 24,10045,Asian
Taiwanese alone,25 - 34,17340,Asian
Taiwanese alone,35 - 44,19492,Asian
Taiwanese alone,45 - 54,14845,Asian
Taiwanese alone,55 - 64,11524,Asian
Taiwanese alone,65 - 74,10553,Asian
Taiwanese alone,75 - 84,4582,Asian
Taiwanese alone,0,875,Asian
Filipino alone,Total,1240596,Asian
Filipino alone,85+,25762,Asian
Filipino alone,1 - 4,31785,Asian
Filipino alone,5 - 14,101869,Asian
Filipino alone,15 - 24,141268,Asian
Filipino alone,25 - 34,170193,Asian
Filipino alone,35 - 44,180997,Asian
Filipino alone,45 - 54,189617,Asian
Filipino alone,55 - 64,179646,Asian
Filipino alone,65 - 74,145811,Asian
Filipino alone,75 - 84,67223,Asian
Filipino alone,0,6425,Asian
Hmong alone,Total,101958,Asian
Hmong alone,85+,655,Asian
Hmong alone,1 - 4,9012,Asian
Hmong alone,5 - 14,19689,Asian
Hmong alone,15 - 24,17249,Asian
Hmong alone,25 - 34,24026,Asian
Hmong alone,35 - 44,14375,Asian
Hmong alone,45 - 54,6445,Asian
Hmong alone,55 - 64,4707,Asian
Hmong alone,65 - 74,3022,Asian
Hmong alone,75 - 84,885,Asian
Hmong alone,0,1893,Asian
Indonesian alone,Total,30719,Asian
Indonesian alone,85+,351,Asian
Indonesian alone,1 - 4,487,Asian
Indonesian alone,5 - 14,3174,Asian
Indonesian alone,15 - 24,4556,Asian
Indonesian alone,25 - 34,4118,Asian
Indonesian alone,35 - 44,4428,Asian
Indonesian alone,45 - 54,5777,Asian
Indonesian alone,55 - 64,4071,Asian
Indonesian alone,65 - 74,2498,Asian
Indonesian alone,75 - 84,1127,Asian
Indonesian alone,0,132,Asian
Japanese alone,Total,244677,Asian
Japanese alone,85+,20253,Asian
Japanese alone,1 - 4,5073,Asian
Japanese alone,5 - 14,11315,Asian
Japanese alone,15 - 24,13815,Asian
Japanese alone,25 - 34,21018,Asian
Japanese alone,35 - 44,29628,Asian
Japanese alone,45 - 54,35204,Asian
Japanese alone,55 - 64,43705,Asian
Japanese alone,65 - 74,40686,Asian
Japanese alone,75 - 84,23585,Asian
Japanese alone,0,395,Asian
Korean alone,Total,468367,Asian
Korean alone,85+,11482,Asian
Korean alone,1 - 4,15002,Asian
Korean alone,5 - 14,42705,Asian
Korean alone,15 - 24,43678,Asian
Korean alone,25 - 34,64558,Asian
Korean alone,35 - 44,76481,Asian
Korean alone,45 - 54,75693,Asian
Korean alone,55 - 64,63206,Asian
Korean alone,65 - 74,43877,Asian
Korean alone,75 - 84,28627,Asian
Korean alone,0,3058,Asian
Laotian alone,Total,48387,Asian
Laotian alone,85+,698,Asian
Laotian alone,1 - 4,1466,Asian
Laotian alone,5 - 14,4594,Asian
Laotian alone,15 - 24,4880,Asian
Laotian alone,25 - 34,8280,Asian
Laotian alone,35 - 44,9633,Asian
Laotian alone,45 - 54,7185,Asian
Laotian alone,55 - 64,6289,Asian
Laotian alone,65 - 74,3821,Asian
Laotian alone,75 - 84,1219,Asian
Laotian alone,0,322,Asian
Malaysian alone,Total,3683,Asian
Malaysian alone,85+,24,Asian
Malaysian alone,1 - 4,114,Asian
Malaysian alone,5 - 14,73,Asian
Malaysian alone,15 - 24,342,Asian
Malaysian alone,25 - 34,612,Asian
Malaysian alone,35 - 44,611,Asian
Malaysian alone,45 - 54,551,Asian
Malaysian alone,55 - 64,777,Asian
Malaysian alone,65 - 74,384,Asian
Malaysian alone,75 - 84,146,Asian
Malaysian alone,0,49,Asian
Mongolian alone,Total,6237,Asian
Mongolian alone,85+,0,Asian
Mongolian alone,1 - 4,360,Asian
Mongolian alone,5 - 14,1060,Asian
Mongolian alone,15 - 24,757,Asian
Mongolian alone,25 - 34,1476,Asian
Mongolian alone,35 - 44,1018,Asian
Mongolian alone,45 - 54,1274,Asian
Mongolian alone,55 - 64,193,Asian
Mongolian alone,65 - 74,10,Asian
Mongolian alone,75 - 84,36,Asian
Mongolian alone,0,53,Asian
Nepalese alone,Total,17028,Asian
Nepalese alone,85+,10,Asian
Nepalese alone,1 - 4,1179,Asian
Nepalese alone,5 - 14,1936,Asian
Nepalese alone,15 - 24,1928,Asian
Nepalese alone,25 - 34,3987,Asian
Nepalese alone,35 - 44,3919,Asian
Nepalese alone,45 - 54,1821,Asian
Nepalese alone,55 - 64,1085,Asian
Nepalese alone,65 - 74,620,Asian
Nepalese alone,75 - 84,234,Asian
Nepalese alone,0,309,Asian
Pakistani alone,Total,72011,Asian
Pakistani alone,85+,122,Asian
Pakistani alone,1 - 4,5241,Asian
Pakistani alone,5 - 14,11850,Asian
Pakistani alone,15 - 24,9815,Asian
Pakistani alone,25 - 34,12318,Asian
Pakistani alone,35 - 44,10508,Asian
Pakistani alone,45 - 54,8760,Asian
Pakistani alone,55 - 64,6343,Asian
Pakistani alone,65 - 74,4154,Asian
Pakistani alone,75 - 84,2071,Asian
Pakistani alone,0,829,Asian
Sri Lankan alone,Total,11752,Asian
Sri Lankan alone,85+,73,Asian
Sri Lankan alone,1 - 4,387,Asian
Sri Lankan alone,5 - 14,962,Asian
Sri Lankan alone,15 - 24,1249,Asian
Sri Lankan alone,25 - 34,1799,Asian
Sri Lankan alone,35 - 44,1872,Asian
Sri Lankan alone,45 - 54,1894,Asian
Sri Lankan alone,55 - 64,1841,Asian
Sri Lankan alone,65 - 74,1079,Asian
Sri Lankan alone,75 - 84,565,Asian
Sri Lankan alone,0,31,Asian
Thai alone,Total,49784,Asian
Thai alone,85+,392,Asian
Thai alone,1 - 4,1147,Asian
Thai alone,5 - 14,2717,Asian
Thai alone,15 - 24,3137,Asian
Thai alone,25 - 34,7916,Asian
Thai alone,35 - 44,9884,Asian
Thai alone,45 - 54,8568,Asian
Thai alone,55 - 64,6385,Asian
Thai alone,65 - 74,6798,Asian
Thai alone,75 - 84,2397,Asian
Thai alone,0,443,Asian
Vietnamese alone,Total,678495,Asian
Vietnamese alone,85+,12247,Asian
Vietnamese alone,1 - 4,20306,Asian
Vietnamese alone,5 - 14,64553,Asian
Vietnamese alone,15 - 24,87941,Asian
Vietnamese alone,25 - 34,93531,Asian
Vietnamese alone,35 - 44,88018,Asian
Vietnamese alone,45 - 54,113530,Asian
Vietnamese alone,55 - 64,97530,Asian
Vietnamese alone,65 - 74,66464,Asian
Vietnamese alone,75 - 84,30981,Asian
Vietnamese alone,0,3394,Asian
Other Asian alone,Total,75171,Asian
Other Asian alone,85+,601,Asian
Other Asian alone,1 - 4,6429,Asian
Other Asian alone,5 - 14,12348,Asian
Other Asian alone,15 - 24,9222,Asian
Other Asian alone,25 - 34,15584,Asian
Other Asian alone,35 - 44,11583,Asian
Other Asian alone,45 - 54,7226,Asian
Other Asian alone,55 - 64,5603,Asian
Other Asian alone,65 - 74,3758,Asian
Other Asian alone,75 - 84,1513,Asian
Other Asian alone,0,1304,Asian
All combinations of Asian races only,Total,203658,Asian
All combinations of Asian races only,85+,1349,Asian
All combinations of Asian races only,1 - 4,22555,Asian
All combinations of Asian races only,5 - 14,45226,Asian
All combinations of Asian races only,15 - 24,33881,Asian
All combinations of Asian races only,25 - 34,30869,Asian
All combinations of Asian races only,35 - 44,22562,Asian
All combinations of Asian races only,45 - 54,17543,Asian
All combinations of Asian races only,55 - 64,13232,Asian
All combinations of Asian races only,65 - 74,8323,Asian
All combinations of Asian races only,75 - 84,3145,Asian
All combinations of Asian races only,0,4973,Asian
Black or African American alone,Total,2110314,Black
Black or African American alone,85+,33024,Black
Black or African American alone,1 - 4,86907,Black
Black or African American alone,5 - 14,235763,Black
Black or African American alone,15 - 24,285001,Black
Black or African American alone,25 - 34,346167,Black
Black or African American alone,35 - 44,280100,Black
Black or African American alone,45 - 54,274154,Black
Black or African American alone,55 - 64,286640,Black
Black or African American alone,65 - 74,182102,Black
Black or African American alone,75 - 84,82950,Black
Black or African American alone,0,17506,Black
Two or More Races,Total,1506621,Multi-Race
Two or More Races,85+,11269,Multi-Race
Two or More Races,1 - 4,137291,Multi-Race
Two or More Races,5 - 14,311715,Multi-Race
Two or More Races,15 - 24,242821,Multi-Race
Two or More Races,25 - 34,235059,Multi-Race
Two or More Races,35 - 44,185866,Multi-Race
Two or More Races,45 - 54,132848,Multi-Race
Two or More Races,55 - 64,116651,Multi-Race
Two or More Races,65 - 74,73155,Multi-Race
Two or More Races,75 - 84,29298,Multi-Race
Two or More Races,0,30648,Multi-Race
Native Hawaiian alone,Total,17298,NH/PI
Native Hawaiian alone,85+,139,NH/PI
Native Hawaiian alone,1 - 4,345,NH/PI
Native Hawaiian alone,5 - 14,1109,NH/PI
Native Hawaiian alone,15 - 24,2150,NH/PI
Native Hawaiian alone,25 - 34,2333,NH/PI
Native Hawaiian alone,35 - 44,2340,NH/PI
Native Hawaiian alone,45 - 54,2386,NH/PI
Native Hawaiian alone,55 - 64,3146,NH/PI
Native Hawaiian alone,65 - 74,2050,NH/PI
Native Hawaiian alone,75 - 84,1198,NH/PI
Native Hawaiian alone,0,102,NH/PI
Samoan alone,Total,32992,NH/PI
Samoan alone,85+,49,NH/PI
Samoan alone,1 - 4,1487,NH/PI
Samoan alone,5 - 14,4928,NH/PI
Samoan alone,15 - 24,4532,NH/PI
Samoan alone,25 - 34,5761,NH/PI
Samoan alone,35 - 44,4775,NH/PI
Samoan alone,45 - 54,4675,NH/PI
Samoan alone,55 - 64,3431,NH/PI
Samoan alone,65 - 74,1989,NH/PI
Samoan alone,75 - 84,1162,NH/PI
Samoan alone,0,203,NH/PI
Tongan alone,Total,16858,NH/PI
Tongan alone,85+,65,NH/PI
Tongan alone,1 - 4,484,NH/PI
Tongan alone,5 - 14,2376,NH/PI
Tongan alone,15 - 24,2497,NH/PI
Tongan alone,25 - 34,2747,NH/PI
Tongan alone,35 - 44,2776,NH/PI
Tongan alone,45 - 54,2006,NH/PI
Tongan alone,55 - 64,1993,NH/PI
Tongan alone,65 - 74,971,NH/PI
Tongan alone,75 - 84,740,NH/PI
Tongan alone,0,203,NH/PI
Chamorro alone,Total,17951,NH/PI
Chamorro alone,85+,437,NH/PI
Chamorro alone,1 - 4,573,NH/PI
Chamorro alone,5 - 14,1715,NH/PI
Chamorro alone,15 - 24,1730,NH/PI
Chamorro alone,25 - 34,2348,NH/PI
Chamorro alone,35 - 44,3037,NH/PI
Chamorro alone,45 - 54,2703,NH/PI
Chamorro alone,55 - 64,2537,NH/PI
Chamorro alone,65 - 74,2153,NH/PI
Chamorro alone,75 - 84,710,NH/PI
Chamorro alone,0,8,NH/PI
Marshallese alone,Total,2116,NH/PI
Marshallese alone,85+,0,NH/PI
Marshallese alone,1 - 4,86,NH/PI
Marshallese alone,5 - 14,683,NH/PI
Marshallese alone,15 - 24,480,NH/PI
Marshallese alone,25 - 34,275,NH/PI
Marshallese alone,35 - 44,322,NH/PI
Marshallese alone,45 - 54,187,NH/PI
Marshallese alone,55 - 64,52,NH/PI
Marshallese alone,65 - 74,12,NH/PI
Marshallese alone,75 - 84,19,NH/PI
Marshallese alone,0,0,NH/PI
Fijian alone,Total,29754,NH/PI
Fijian alone,85+,248,NH/PI
Fijian alone,1 - 4,949,NH/PI
Fijian alone,5 - 14,3380,NH/PI
Fijian alone,15 - 24,3417,NH/PI
Fijian alone,25 - 34,4193,NH/PI
Fijian alone,35 - 44,5092,NH/PI
Fijian alone,45 - 54,4436,NH/PI
Fijian alone,55 - 64,4558,NH/PI
Fijian alone,65 - 74,2281,NH/PI
Fijian alone,75 - 84,879,NH/PI
Fijian alone,0,321,NH/PI
Other Native Hawaiian and Other Pacific Islander,Total,18728,NH/PI
Other Native Hawaiian and Other Pacific Islander,85+,122,NH/PI
Other Native Hawaiian and Other Pacific Islander,1 - 4,556,NH/PI
Other Native Hawaiian and Other Pacific Islander,5 - 14,2672,NH/PI
Other Native Hawaiian and Other Pacific Islander,15 - 24,2497,NH/PI
Other Native Hawaiian and Other Pacific Islander,25 - 34,3091,NH/PI
Other Native Hawaiian and Other Pacific Islander,35 - 44,2648,NH/PI
Other Native Hawaiian and Other Pacific Islander,45 - 54,2936,NH/PI
Other Native Hawaiian and Other Pacific Islander,55 - 64,2322,NH/PI
Other Native Hawaiian and Other Pacific Islander,65 - 74,1043,NH/PI
Other Native Hawaiian and Other Pacific Islander,75 - 84,576,NH/PI
Other Native Hawaiian and Other Pacific Islander,0,265,NH/PI
Some Other Race alone,Total,170857,Other
Some Other Race alone,85+,1943,Other
Some Other Race alone,1 - 4,11402,Other
Some Other Race alone,5 - 14,26698,Other
Some Other Race alone,15 - 24,23199,Other
Some Other Race alone,25 - 34,25651,Other
Some Other Race alone,35 - 44,24212,Other
Some Other Race alone,45 - 54,18672,Other
Some Other Race alone,55 - 64,16420,Other
Some Other Race alone,65 - 74,14544,Other
Some Other Race alone,75 - 84,5368,Other
Some Other Race alone,0,2748,Other
White alone,Total,13856998,White
White alone,85+,438028,White
White alone,1 - 4,443008,White
White alone,5 - 14,1182254,White
White alone,15 - 24,1403498,White
White alone,25 - 34,1812398,White
White alone,35 - 44,1742715,White
White alone,45 - 54,1786628,White
White alone,55 - 64,2173455,White
White alone,65 - 74,1819753,White
White alone,75 - 84,954563,White
White alone,0,100698,White
All Other Spanish/Hispanic/Latino,0,6107,Latino
All Other Spanish/Hispanic/Latino,1 - 4,28527,Latino
All Other Spanish/Hispanic/Latino,15 - 24,77535,Latino
All Other Spanish/Hispanic/Latino,25 - 34,73484,Latino
All Other Spanish/Hispanic/Latino,35 - 44,62344,Latino
All Other Spanish/Hispanic/Latino,45 - 54,53310,Latino
All Other Spanish/Hispanic/Latino,5 - 14,79191,Latino
All Other Spanish/Hispanic/Latino,55 - 64,48801,Latino
All Other Spanish/Hispanic/Latino,65 - 74,33294,Latino
All Other Spanish/Hispanic/Latino,75 - 84,17066,Latino
All Other Spanish/Hispanic/Latino,85+,7358,Latino
All Other Spanish/Hispanic/Latino,Total,487017,Latino
Argentinean,0,608,Latino
Argentinean,1 - 4,2620,Latino
Argentinean,15 - 24,7155,Latino
Argentinean,25 - 34,7153,Latino
Argentinean,35 - 44,7540,Latino
Argentinean,45 - 54,8241,Latino
Argentinean,5 - 14,5974,Latino
Argentinean,55 - 64,6343,Latino
Argentinean,65 - 74,4035,Latino
Argentinean,75 - 84,2382,Latino
Argentinean,85+,1200,Latino
Argentinean,Total,53251,Latino
Bolivian,0,422,Latino
Bolivian,1 - 4,1119,Latino
Bolivian,15 - 24,1724,Latino
Bolivian,25 - 34,2264,Latino
Bolivian,35 - 44,2142,Latino
Bolivian,45 - 54,1647,Latino
Bolivian,5 - 14,1636,Latino
Bolivian,55 - 64,2131,Latino
Bolivian,65 - 74,1216,Latino
Bolivian,75 - 84,708,Latino
Bolivian,85+,185,Latino
Bolivian,Total,15194,Latino
Chilean,0,253,Latino
Chilean,1 - 4,1538,Latino
Chilean,15 - 24,3683,Latino
Chilean,25 - 34,4607,Latino
Chilean,35 - 44,4319,Latino
Chilean,45 - 54,4036,Latino
Chilean,5 - 14,4473,Latino
Chilean,55 - 64,3042,Latino
Chilean,65 - 74,2302,Latino
Chilean,75 - 84,1355,Latino
Chilean,85+,228,Latino
Chilean,Total,29836,Latino
Colombian,0,1407,Latino
Colombian,1 - 4,4853,Latino
Colombian,15 - 24,13827,Latino
Colombian,25 - 34,16956,Latino
Colombian,35 - 44,15498,Latino
Colombian,45 - 54,12964,Latino
Colombian,5 - 14,11234,Latino
Colombian,55 - 64,11211,Latino
Colombian,65 - 74,5300,Latino
Colombian,75 - 84,3126,Latino
Colombian,85+,1414,Latino
Colombian,Total,97790,Latino
Costa Rican,0,194,Latino
Costa Rican,1 - 4,1127,Latino
Costa Rican,15 - 24,3120,Latino
Costa Rican,25 - 34,3667,Latino
Costa Rican,35 - 44,4527,Latino
Costa Rican,45 - 54,3282,Latino
Costa Rican,5 - 14,3914,Latino
Costa Rican,55 - 64,2943,Latino
Costa Rican,65 - 74,2245,Latino
Costa Rican,75 - 84,1134,Latino
Costa Rican,85+,485,Latino
Costa Rican,Total,26638,Latino
Cuban,0,1039,Latino
Cuban,1 - 4,4738,Latino
Cuban,15 - 24,13465,Latino
Cuban,25 - 34,18777,Latino
Cuban,35 - 44,12287,Latino
Cuban,45 - 54,11224,Latino
Cuban,5 - 14,12146,Latino
Cuban,55 - 64,13485,Latino
Cuban,65 - 74,7564,Latino
Cuban,75 - 84,4704,Latino
Cuban,85+,2511,Latino
Cuban,Total,101940,Latino
Dominican,0,722,Latino
Dominican,1 - 4,1995,Latino
Dominican,15 - 24,3446,Latino
Dominican,25 - 34,4483,Latino
Dominican,35 - 44,3348,Latino
Dominican,45 - 54,2339,Latino
Dominican,5 - 14,3549,Latino
Dominican,55 - 64,1088,Latino
Dominican,65 - 74,775,Latino
Dominican,75 - 84,349,Latino
Dominican,85+,32,Latino
Dominican,Total,22126,Latino
Ecuadorian,0,748,Latino
Ecuadorian,1 - 4,2074,Latino
Ecuadorian,15 - 24,5927,Latino
Ecuadorian,25 - 34,6364,Latino
Ecuadorian,35 - 44,5832,Latino
Ecuadorian,45 - 54,6234,Latino
Ecuadorian,5 - 14,5174,Latino
Ecuadorian,55 - 64,5303,Latino
Ecuadorian,65 - 74,3467,Latino
Ecuadorian,75 - 84,2088,Latino
Ecuadorian,85+,806,Latino
Ecuadorian,Total,44017,Latino
Guatemalan,0,5898,Latino
Guatemalan,1 - 4,28226,Latino
Guatemalan,15 - 24,74603,Latino
Guatemalan,25 - 34,83951,Latino
Guatemalan,35 - 44,78289,Latino
Guatemalan,45 - 54,58302,Latino
Guatemalan,5 - 14,73990,Latino
Guatemalan,55 - 64,42089,Latino
Guatemalan,65 - 74,22123,Latino
Guatemalan,75 - 84,6806,Latino
Guatemalan,85+,2767,Latino
Guatemalan,Total,477044,Latino
Honduran,0,1502,Latino
Honduran,1 - 4,6985,Latino
Honduran,15 - 24,16716,Latino
Honduran,25 - 34,18445,Latino
Honduran,35 - 44,18176,Latino
Honduran,45 - 54,11718,Latino
Honduran,5 - 14,16800,Latino
Honduran,55 - 64,8469,Latino
Honduran,65 - 74,3500,Latino
Honduran,75 - 84,1546,Latino
Honduran,85+,440,Latino
Honduran,Total,104297,Latino
Mexican,0,155311,Latino
Mexican,1 - 4,781230,Latino
Mexican,15 - 24,2224712,Latino
Mexican,25 - 34,2028914,Latino
Mexican,35 - 44,1765853,Latino
Mexican,45 - 54,1538625,Latino
Mexican,5 - 14,2189139,Latino
Mexican,55 - 64,1088602,Latino
Mexican,65 - 74,587093,Latino
Mexican,75 - 84,248147,Latino
Mexican,85+,102665,Latino
Mexican,Total,12710291,Latino
Nicaraguan,0,1371,Latino
Nicaraguan,1 - 4,5398,Latino
Nicaraguan,15 - 24,14411,Latino
Nicaraguan,25 - 34,16715,Latino
Nicaraguan,35 - 44,16704,Latino
Nicaraguan,45 - 54,14360,Latino
Nicaraguan,5 - 14,13834,Latino
Nicaraguan,55 - 64,13821,Latino
Nicaraguan,65 - 74,8142,Latino
Nicaraguan,75 - 84,4093,Latino
Nicaraguan,85+,1907,Latino
Nicaraguan,Total,110756,Latino
Other Central American,0,70,Latino
Other Central American,1 - 4,892,Latino
Other Central American,15 - 24,1594,Latino
Other Central American,25 - 34,2042,Latino
Other Central American,35 - 44,2397,Latino
Other Central American,45 - 54,1741,Latino
Other Central American,5 - 14,1928,Latino
Other Central American,55 - 64,1055,Latino
Other Central American,65 - 74,870,Latino
Other Central American,75 - 84,265,Latino
Other Central American,85+,85,Latino
Other Central American,Total,12939,Latino
Other South American,0,55,Latino
Other South American,1 - 4,175,Latino
Other South American,15 - 24,500,Latino
Other South American,25 - 34,640,Latino
Other South American,35 - 44,490,Latino
Other South American,45 - 54,629,Latino
Other South American,5 - 14,304,Latino
Other South American,55 - 64,1002,Latino
Other South American,65 - 74,274,Latino
Other South American,75 - 84,310,Latino
Other South American,85+,68,Latino
Other South American,Total,4447,Latino
Panamanian,0,193,Latino
Panamanian,1 - 4,1282,Latino
Panamanian,15 - 24,2634,Latino
Panamanian,25 - 34,3581,Latino
Panamanian,35 - 44,2550,Latino
Panamanian,45 - 54,2623,Latino
Panamanian,5 - 14,2854,Latino
Panamanian,55 - 64,2202,Latino
Panamanian,65 - 74,1372,Latino
Panamanian,75 - 84,1000,Latino
Panamanian,85+,355,Latino
Panamanian,Total,20646,Latino
Paraguayan,0,0,Latino
Paraguayan,1 - 4,137,Latino
Paraguayan,15 - 24,230,Latino
Paraguayan,25 - 34,493,Latino
Paraguayan,35 - 44,269,Latino
Paraguayan,45 - 54,82,Latino
Paraguayan,5 - 14,369,Latino
Paraguayan,55 - 64,112,Latino
Paraguayan,65 - 74,22,Latino
Paraguayan,75 - 84,71,Latino
Paraguayan,85+,35,Latino
Paraguayan,Total,1820,Latino
Peruvian,0,1471,Latino
Peruvian,1 - 4,4756,Latino
Peruvian,15 - 24,15237,Latino
Peruvian,25 - 34,16488,Latino
Peruvian,35 - 44,15656,Latino
Peruvian,45 - 54,15739,Latino
Peruvian,5 - 14,13656,Latino
Peruvian,55 - 64,16017,Latino
Peruvian,65 - 74,9693,Latino
Peruvian,75 - 84,4553,Latino
Peruvian,85+,1936,Latino
Peruvian,Total,115202,Latino
Puerto Rican,0,3403,Latino
Puerto Rican,1 - 4,13808,Latino
Puerto Rican,15 - 24,34497,Latino
Puerto Rican,25 - 34,39115,Latino
Puerto Rican,35 - 44,30825,Latino
Puerto Rican,45 - 54,23045,Latino
Puerto Rican,5 - 14,34960,Latino
Puerto Rican,55 - 64,21643,Latino
Puerto Rican,65 - 74,13944,Latino
Puerto Rican,75 - 84,6077,Latino
Puerto Rican,85+,2557,Latino
Puerto Rican,Total,223874,Latino
Salvadoran,0,8493,Latino
Salvadoran,1 - 4,40110,Latino
Salvadoran,15 - 24,112971,Latino
Salvadoran,25 - 34,121621,Latino
Salvadoran,35 - 44,114527,Latino
Salvadoran,45 - 54,101719,Latino
Salvadoran,5 - 14,102535,Latino
Salvadoran,55 - 64,85333,Latino
Salvadoran,65 - 74,45087,Latino
Salvadoran,75 - 84,14400,Latino
Salvadoran,85+,5667,Latino
Salvadoran,Total,752463,Latino
Spaniard,0,2209,Latino
Spaniard,1 - 4,8172,Latino
Spaniard,15 - 24,22786,Latino
Spaniard,25 - 34,25196,Latino
Spaniard,35 - 44,22468,Latino
Spaniard,45 - 54,23488,Latino
Spaniard,5 - 14,22585,Latino
Spaniard,55 - 64,21444,Latino
Spaniard,65 - 74,15081,Latino
Spaniard,75 - 84,8007,Latino
Spaniard,85+,3860,Latino
Spaniard,Total,175296,Latino
Uruguayan,0,32,Latino
Uruguayan,1 - 4,462,Latino
Uruguayan,15 - 24,508,Latino
Uruguayan,25 - 34,539,Latino
Uruguayan,35 - 44,1465,Latino
Uruguayan,45 - 54,1102,Latino
Uruguayan,5 - 14,1057,Latino
Uruguayan,55 - 64,585,Latino
Uruguayan,65 - 74,473,Latino
Uruguayan,75 - 84,222,Latino
Uruguayan,85+,11,Latino
Uruguayan,Total,6456,Latino
Venezuelan,0,307,Latino
Venezuelan,1 - 4,954,Latino
Venezuelan,15 - 24,2913,Latino
Venezuelan,25 - 34,4148,Latino
Venezuelan,35 - 44,3885,Latino
Venezuelan,45 - 54,2925,Latino
Venezuelan,5 - 14,2598,Latino
Venezuelan,55 - 64,2558,Latino
Venezuelan,65 - 74,880,Latino
Venezuelan,75 - 84,567,Latino
Venezuelan,85+,193,Latino
Venezuelan,Total,21928,Latino
